Name,Specialty,Location,Phone,Email,Vbac,Purdah,Interventions,Presence,Feedback,SentimentScore
ডা: খালেদা আক্তার লাকী,Obstetrics & Gynecology,"কুমিল্লা, কুমিল্লা মেডিকেল সেন্টার প্রাইভেট লিমিটেড,  কুমিল্লা টাওয়ার, রুম নং- ৪৫৩(৩য় ফ্লোর),  লাকসাম রোড, কুমিল্লা।",,,হ্যাঁ,জি উনি নিজে পর্দা করেন নিকাব সহ। এছাড়া পর্দার ব্যাপারেও সহযোগী। উনার কাছে সিজার লাগলে উনাকে রিকুয়েস্ট করলে এনেশথেশিয়ার জন্য মহিলা ডাক্তার উনি দিতে পারবেন বলে জানান। কুমিল্লায় উনার পরিচিত ২জন মহিলা এনেশথেশিয়ার ডাক্তার আছেন। ,"প্রয়োজন অনুযায়ী করান বলে আমার ধারণা। আমার ডায়াবেটিস ছিল, খিচুনি ছিল এজন্য ৩৭ + উইকে পেইন ইনডিউস করা হয় আমার। খিচুনির জন্য উনি নিজে রিস্ক নিতে চাচ্ছিলেন না। তবে আমাদের আগ্রহে রাজি হন।",জি আমার ভিব্যাক উনার কাছেই হয়েছে। আমার ডেলিভারি উনার হাতেই হয়েছে এবং এপিশিওটোমির সেলাই ও উনি নিজে দিয়েছেন। উনাকে এসিস্ট করেছিলেন আরেকজন ডিউটি ডাক্তার।  সব রোগীর ক্ষেত্রে উনি উপস্থিত থাকেন কীনা আমার জানা নাই। ,জি আমার ভিব্যাক উনার কাছেই হয়েছে। আমার ডেলিভারি উনার হাতেই হয়েছে এবং এপিশিওটোমির সেলাই ও উনি নিজে দিয়েছেন। উনাকে এসিস্ট করেছিলেন আরেকজন ডিউটি ডাক্তার।  সব রোগীর ক্ষেত্রে উনি উপস্থিত থাকেন কীনা আমার জানা নাই। ,0
Dr.Sahida Akter Rakhi,Obstetrics & Gynecology,"কুমিল্লা, Gomoti Hospital",,,হ্যাঁ,Sure jani na,Proyojon hole,Delivery hoy ni akhono,Delivery hoy ni akhono,0
শাহিদা আক্তার রাখি,Obstetrics & Gynecology,"কুমিল্লা, কুমিল্লা,  নজরুল এভিনিউ, কান্দিরপাড়, গোমতী হাসপাতাল,",,,হ্যাঁ,হ্যা ,এটা আমার জানা নাই,ওনি সবসময় থাকে না ওনার একটা টিম আছে। ওনি প্রয়োজনে সাথে সাথে ই আসে।,ওনি সবসময় থাকে না ওনার একটা টিম আছে। ওনি প্রয়োজনে সাথে সাথে ই আসে।,0
ডা:উম্মে আবেদীন সায়েমা,Obstetrics & Gynecology,"কুষ্টিয়া, হিকমাহ হাসপাতাল, পৌর গোরস্থানের দক্ষিণ পশ্চিম পার্শে,পেয়ারাতলা, কুষ্টিয়া",,,জানা নেই,জি আলহামদুলিল্লাহ ডাক্তার নিজেও পুরোপুরি পর্দা করেন। ,"আলহামদুলিল্লাহ অপ্রয়োজনীয় কোনো কিছু উনি করেন না। আমাকে এপিসিওটমি দেন নাই, পেরিনিয়াল মাসাজ করে দিয়েছিলেন নিজ হাতে অযথা পুশ করতে নিষেধ করছিলেন, কখন পুশ করতে হবে নলে দিচ্ছিলেন।।তারাহুরো করেন নাই ন্যাচারালি প্রোগ্রেস হতে দিয়েছেন।  সামান্য টিয়ার হয়েছিলো, ১ টা সেলাই লেগেছে ডাক্তার নিজেই সেলাই দিয়ে দিয়েছেন। এখন আর সেলাইওর চিহ্নও নেই।","হ্যা আমার ডেলিভারিতে ডাক্তার নিজে উপস্থিত ছিলেন প্রায় ১.৫-২ ঘন্টা। সবার ক্ষেত্রে সবসময় থাকা সম্ভব হয় না,তবে ডাক্তারের টিমও খুবই হেল্পফুল, টিমের সবাই ভালো ব্যবহার করে,ঝাড়ি বা বকা দেয় না, জোর করেনা।","হ্যা আমার ডেলিভারিতে ডাক্তার নিজে উপস্থিত ছিলেন প্রায় ১.৫-২ ঘন্টা। সবার ক্ষেত্রে সবসময় থাকা সম্ভব হয় না,তবে ডাক্তারের টিমও খুবই হেল্পফুল, টিমের সবাই ভালো ব্যবহার করে,ঝাড়ি বা বকা দেয় না, জোর করেনা।",1
ডা: মেজর. ( অব: ) অশ্রুলতা রায়,Obstetrics & Gynecology,"নারায়ণগঞ্জ, প্যান প্যাসিফিক হাসপাতাল ট্রেনিং এন্ড রিসার্চ ইনস্টিটিউট,  ২৪, আউটার সার্কুলার রোড ( পীর জঙ্গী মাজার সংলগ্ন), শাহজাহান পুর, মতিঝিল,  ঢাকা।",,,জানা নেই | হ্যাঁ | হ্যাঁ | জানা নেই | জানা নেই | জানা নেই | জানা নেই | জানা নেই | হ্যাঁ | হ্যাঁ | হ্যাঁ | জানা নেই | হ্যাঁ,"জি | জানা নেই | জি আলহামদুলিল্লাহ। উনি নিজেও পর্দা করেন।২০১১ সালের আগে উনি মদীনায় সরকারি হসপিটালের ডক্টর ছিলেন। | আগে থেকে বলে রাখলে পর্দার ক্ষেত্রে সহযোগিতা পাওয়া যাবে। | জি,আলহামদুলিল্লাহ। | মোটামুটি | জানা নেই | হ্যাঁ অনেক সহযোগী আলহামদুলিল্লাহ। | জ্বী | ঠিক জানি না | বললে সহযোগিতা করে।আলহামদুলিল্লাহ আমি পেয়েছি | জ্বি। তিনি নিজে হিন্দু ধর্মের হলেও পর্দার বিষয়ে তিনি খুব সচেতন। এমনকি তিনি ওটি তে, বা ডেলিভারি এর সময় কোনো ছেলে ডক্টর বা ছেলে ওয়ার্ড বয় কে ভিতরে থাকতে এলাও করেন না। | হ্যাঁ আলহামদুলিল্লাহ। | হ্যা | হ্যা | হ্যা। উনি প্র্যাক্টিসিং আলহামদুলিল্লাহ। | জ্বি আলহামদুলিল্লাহ, উনি নিজেও পর্দা করেন। | অবশ্যই | হ্যা","শুধু প্রয়োজন হলেই দেন। আমি আগে বলেছিলাম নিব না তায় আমাকে কোন রকম ওসুধ দেওয়া হয় নি। এপিসিওটমি লাগে কিন্তু তা সামান্য। আর তাও ১ম এ করায় নি যখন অনেক বার পুশ এও হচ্ছিল না আর বাজে টিয়ার হবার সম্ভাবনা তখন আমাকে বলেই সে সামান্য করে। | জ্বি মেডিকেল হস্তক্ষেপ নিয়েছেন আমার ক্ষেত্রে। আমার সাথে কয়েকজনকেও দেখলাম নিয়েছেন | আমার তো এপিসিওটমি লেগেছিল। প্রয়োজন ছাড়া তো ব্যবহার করার কথা না | সবাইকে দেন কি না জানি না। তবে আমি আগে থেকে নিষেধ করে রেখেছিলাম। উনি রাজিও হয়েছিলেন যে প্রয়োজন না হলে দিবেন না। কিন্তু লেবার রুমে আমাকে আর জিজ্ঞেস না করেই এপিসিওটমি দিয়ে দিয়েছেন। এই একটা ব্যাপারেই আমি আমার ডাক্তারের উপর একটু অসন্তুষ্ট। তাছাড়া আর সব দিক থেকে আমি পুরোপুরি সন্তুষ্ট উনার উপর। | প্রয়োজন হলে তখনিই কেবল মাত্র ব্যবহার করেন। | আমার ঠিক জানা নেই | সাধারণত প্রয়োজন ছাড়া করেন না | প্রয়োজন হলে | শুধু প্রয়োজন হলেই ব্যবহার করেন | জি। | আমার সময় এপিসিওটমি লেগেছিল,বাকিদের ব্যাপারে বলতে পারবো না।।তবে উনি নরমাল ডেলিভারি করতে উৎসাহ দেন। | আমি অলরেডি অনেক পেইন নিয়ে গিয়েছিলাম।হসপিটালে যখন যায় সাথে সাথে নার্স আমার পিভি চেক করে বলেন ৪-৫ সে.মি ডায়ালেটেড।এরপর আমাকে স্যালাইন দিয়েছিলো এবং এর ৩০ মিনিটের মধ্যে আমার ডেলিভারি হয়ে যায় আলহামদুলিল্লাহ। আসলে এতো পেইন নিয়ে গিয়েছিলাম তাই আমাকে কি দিচ্ছে না দিচ্ছে সেটা জানার আর সুযোগ হয় নাই।তবে হসপিটালে যাওয়ার ১ ঘন্টার মধ্যে আর স্যালাইন দেয়ার ৩০ মিনিটের মধ্যে  আমার ডেলিভারি হয়ে যায়। | প্রয়োজন হলে । প্রয়োজন না হলে সাভাবিক ভাবে ডেলিভারি করেন। | আমার জানা নেই। আমি শুধু জানি আমার এপিসিওটমির প্রয়োজন হয়েছিলো এবং তিনি তা করেছেন। আমার জরায়ুমুখ ঠিকভাবে খুলছিলোনা আর একদিকে নরমও হচ্ছিলো না। বাচ্চার মাথা এসে আটকে ছিলো। তখন উনি সাইড কেটে দিয়েছেন। এবং চৌদ্দ দিনের মাথায় আমি সুস্থ আলহামদুলিল্লাহ।  ওটিতে আমাদের দু ঘন্টা সময় লেগেছিলো।  আলহামদুলিল্লাহ সব ভালোভাবে সম্পূর্ণ হয়েছিলো। উনার ব্যবহার খুব মিষ্টি আলহামদুলিল্লাহ।  আমাকে মানুষিকভাবেও সাহায্য করছিলেন। বিভিন্নভাবে আমার ডেলিভারি সহজ করার চেষ্টা করেছিলেন। | আমার ডেলিভারির সময় উনি উপস্থিত থাকতে পারেন নি। সেজন্য জানা নেই | প্রয়োজন অনুযায়ি করেন | আপডেটেড গাইডলাইন অনুযায়ী শুধু প্রয়োজন হলেই এসব ব্যবহার করেন। | আমার এপিসিওটমি লেগেছিল।সবার ক্ষেত্রে কি করেন জানা নেই। | রোগীর কনডিশন বুঝে ব্যবস্থা গ্রহণ করেন। | দুটোই করেন","আমার সময় ছিলেন পুরো লেবার রুমেই। আমাকে আর বাবুকে পুরো পরিস্কার করে লেবার রুম থেকে যাবার সময় সে যায়। | ছিলেন না কারণ তখন রাত হয়ে গিয়েছিল। উনার টিম ছিল।কিন্তু উনি বেশ কয়েকবার এসে চেক করে গিয়েছিলেন। | আমার ডেলিভারি উনি নিজ হাতে করেছেন।তা বলতে পারছি না | জ্বি ডাক্তার নিজে উপস্থিত ছিলেন। সব রোগীর ক্ষেত্রে থাকেন কি না জানা নেই। | আমার নরমাল ডেলিভারির সময় ডাক্তার উপস্থিত ছিলেন না,  অন্য রোগীর সময়ও থাকেননা। | না | জ্বি | হ্যাঁ।সব রোগীর ক্ষেত্রেই থাকেন। | জি | না,ডেলিভারি হওয়ার পর এসে সব চেক করেছিলেন | সবারটা জানিনা সিউর।তবে আমার ডেলিভারির সময়টা উনার চেম্বারে রোগী দেখার সময় ছিলো।উনার চেম্বার আর উনার রোগীর ডেলিভারি সেম হসপিটালে তাই উনি রোগী দেখার মাঝে এসে আমার ডেলিভারিতে ছিলো এবং নিজ হাতে আমাকে সেলাইও দিয়েছেন আলহামদুলিল্লাহ। | জ্বি ডা: অশ্রুলতা ম্যাম ডেলিভারি এর সময় নিজে উপস্থিত থাকেন। | আমার নরমাল ডেলিভারির সময় তিনি নিজে উপস্থিত ছিলেন। সব রোগীর ক্ষেত্রে থাকেন কিনা জানি না। | উনি থাকতে পারেন নি | হ্যা | হ্যা তিনি নিজে উপস্থিত ছিলেন। সব রোগীর সময় থাকেন কিনা তা  জানিনা। | আমার সময় ছিলেন,আমার জানামতে সবার ক্ষেত্রেই উপস্থিত থাকেন তিনি। | না,তবে সর্বদা ফোনে খোঁজ নিয়েছেন। বেবি হওয়ার পর চেকআপের জন্য এসেছিলেন। | নিজেই উপস্থিত থাকেন, সব রোগীর ক্ষেত্রে থাকেন","আমার সময় ছিলেন পুরো লেবার রুমেই। আমাকে আর বাবুকে পুরো পরিস্কার করে লেবার রুম থেকে যাবার সময় সে যায়। | ছিলেন না কারণ তখন রাত হয়ে গিয়েছিল। উনার টিম ছিল।কিন্তু উনি বেশ কয়েকবার এসে চেক করে গিয়েছিলেন। | আমার ডেলিভারি উনি নিজ হাতে করেছেন।তা বলতে পারছি না | জ্বি ডাক্তার নিজে উপস্থিত ছিলেন। সব রোগীর ক্ষেত্রে থাকেন কি না জানা নেই। | আমার নরমাল ডেলিভারির সময় ডাক্তার উপস্থিত ছিলেন না,  অন্য রোগীর সময়ও থাকেননা। | না | জ্বি | হ্যাঁ।সব রোগীর ক্ষেত্রেই থাকেন। | জি | না,ডেলিভারি হওয়ার পর এসে সব চেক করেছিলেন | সবারটা জানিনা সিউর।তবে আমার ডেলিভারির সময়টা উনার চেম্বারে রোগী দেখার সময় ছিলো।উনার চেম্বার আর উনার রোগীর ডেলিভারি সেম হসপিটালে তাই উনি রোগী দেখার মাঝে এসে আমার ডেলিভারিতে ছিলো এবং নিজ হাতে আমাকে সেলাইও দিয়েছেন আলহামদুলিল্লাহ। | জ্বি ডা: অশ্রুলতা ম্যাম ডেলিভারি এর সময় নিজে উপস্থিত থাকেন। | আমার নরমাল ডেলিভারির সময় তিনি নিজে উপস্থিত ছিলেন। সব রোগীর ক্ষেত্রে থাকেন কিনা জানি না। | উনি থাকতে পারেন নি | হ্যা | হ্যা তিনি নিজে উপস্থিত ছিলেন। সব রোগীর সময় থাকেন কিনা তা  জানিনা। | আমার সময় ছিলেন,আমার জানামতে সবার ক্ষেত্রেই উপস্থিত থাকেন তিনি। | না,তবে সর্বদা ফোনে খোঁজ নিয়েছেন। বেবি হওয়ার পর চেকআপের জন্য এসেছিলেন। | নিজেই উপস্থিত থাকেন, সব রোগীর ক্ষেত্রে থাকেন",0
Dr. Nrinmoy Biswash,Obstetrics & Gynecology,"কক্সবাজার, Chaindha, Linkroad, Cox'Bazar Bangladesh",,,না,Yes,yes,"No, I was in undersupervision and delivery conducted by Midwife","No, I was in undersupervision and delivery conducted by Midwife",0
ডা রওশন আরা বেগম,Obstetrics & Gynecology,"খুলনা, রওশন আরা ক্লিনিক,সোনাডাঙা, খুলনা",,,জানা নেই,"জি,মোটামুটি ",জানা নেই,জি,জি,0
নাফিসা আনোয়ার মারিয়ানা,Obstetrics & Gynecology,"গাজীপুর, Elit care hospital and infertility center",,,হ্যাঁ,জ্বী আলহামদুলিল্লাহ,জ্বী,জ্বী উনি নিজেই থাকেন...,জ্বী উনি নিজেই থাকেন...,0
Dr Mahmuda sultana,Obstetrics & Gynecology,"গাজীপুর, Cresent uttara hospital",,,জানা নেই,Hae,Only when required ,Na,Na,0
"নাম মনে নেই,",Obstetrics & Gynecology,"গাজীপুর, কোনাবাড়ী,ব্রাক মেটারনিটি সেন্টার",,,জানা নেই,জি কোন পুরুষ নেই ওখানে,প্রয়োজন হলে।,না অনেক রাত হওয়ায় আসেন নাই অন্যরা ছিলো। ,না অনেক রাত হওয়ায় আসেন নাই অন্যরা ছিলো। ,0
ফাতেমা ইয়াসমিন,Obstetrics & Gynecology,"গাজীপুর, শেখ ফজিলাতুন্নেসা মেমোরিয়াল কেপিজে হস্পিটাল, কবিরপুর, সাভার",,,হ্যাঁ,জি,জি। তবে এটা উনার সাথে আগে কথা বলে বার্থ প্ল্যান জানিয়ে দিতে হবে। নয়ত অনেকের জন্যই মেইন্টেইন হবে না। তবে কেউ লেবারে থাকলে তাকে আস্ক করা হয়। ,জি। উনাদ ডিউটি টাইমে উনি প্রেসেন্ট থাকেন। রাতে থাকেন না সাধারনত। তবে কারো পেইন উঠলে উনি ওয়েট করেন ,জি। উনাদ ডিউটি টাইমে উনি প্রেসেন্ট থাকেন। রাতে থাকেন না সাধারনত। তবে কারো পেইন উঠলে উনি ওয়েট করেন ,0
মাহমুদা নাহার রুমা,Obstetrics & Gynecology,"গাজীপুর, গাজিপুর ক্লিনিক",,,না,হ্যা,একান্ত প্রয়োজন হলে করেন না হলে এগুলি দেন না।,একটা বেবির সময় ছিলেন।চেম্বারে থাকলে তখন থাকেন।,একটা বেবির সময় ছিলেন।চেম্বারে থাকলে তখন থাকেন।,0
Dr. Fatema Yesmin,Obstetrics & Gynecology,"গাজীপুর, Sheikh Fazilatunnesa Mujib Memorial KPJ Specialised Hospital",,,হ্যাঁ,Yes,If needed then ,No info,No info,0
Dr foyeza munni,Obstetrics & Gynecology,"গাজীপুর, BRB Our address is 77, Panthapath, Dhaka 1215. (Near Bashundhura City)",,,হ্যাঁ,Yes,If needed ,Yes ,Yes ,0
Dr. Rinku Das,Obstetrics & Gynecology,"চট্টগ্রাম, Innova hospital, Jamalkhan/ Max hospital, Mehedibag",,,জানা নেই,জানা নেই ,গাইডলাইন,হ্যাঁ,হ্যাঁ,0
Dr. Sanjida Kabir,Obstetrics & Gynecology,"চট্টগ্রাম, Evercare hospital Chattogram",,,জানা নেই,No info,No idea. But maybe she follows proper way which is stressfree for a mother,No info,No info,0
মোকাদ্দেস আক্তার বেগম,Obstetrics & Gynecology,"চট্টগ্রাম, মেডিক্যাল সেন্টার,জিইসি",,,জানা নেই,জ্বী আলহামদুলিল্লাহ। ,এপিসিওটমি লাগলে দেন।,জ্বী আলহামদুলিল্লাহ ছিলেন।,জ্বী আলহামদুলিল্লাহ ছিলেন।,0
Dr Shahanara Chowdhury,Obstetrics & Gynecology,"চট্টগ্রাম, Bellevue Chittagong",,,জানা নেই,জ্বি,শুধু প্রয়োজনে,"সব ক্ষেত্রে জানিনা, আমার ক্ষেত্রে ছিলেন","সব ক্ষেত্রে জানিনা, আমার ক্ষেত্রে ছিলেন",0
Hafiza Marjan,Obstetrics & Gynecology,"চট্টগ্রাম, Mother & child care",,,হ্যাঁ,Yes,Both,No info,No info,0
আকলিমা সুলতানা লিজা,Obstetrics & Gynecology,"চট্টগ্রাম, মেডিসন,মেডিকেল সার্ভিস, হাজিপাড়া,আগ্রাবাদ, চট্টগ্রাম",,,হ্যাঁ,জ্বি,জ্বি,জ্বি,জ্বি,0
Dr. Hafiza Marzan,Obstetrics & Gynecology,"চট্টগ্রাম, 1)National hospital,2)mother&child care hospital,3)Shahzalal diagnostic centre",,,হ্যাঁ | না,100% | Yes | Yes,"Yes | According to updated guideline | Pitosin, episiotomy diyechilo amake.",Yes,Yes,0
Dr nilima zafrin,Obstetrics & Gynecology,"চট্টগ্রাম, doctors hospital",,,জানা নেই,ji,amr khetre amr betha barar jnno opekkha korsilo..jkhn amr betha bartese na.baddho hoye dise,na..normal delivery hole thaken na..tobe nurse dr bole den kivabe ki kora lagbe..,na..normal delivery hole thaken na..tobe nurse dr bole den kivabe ki kora lagbe..,0
Dr Dil Anjij Begum,Obstetrics & Gynecology,"চট্টগ্রাম, imperial hospital",,,No info,No info,No info,No info,No info,0
হাফিজা মারজান,Obstetrics & Gynecology,"চট্টগ্রাম, ন্যাশনাল হসপিটাল,মেহেদিবাগ,পাচলাইশ। মাদার এন্ড চাইল্ড কেয়ার,বড়পুল,হালিশহর",,,হ্যাঁ,অনেক হেল্পফুল আলহামদুলিল্লাহ,প্রয়োজন না হলে উনি এপিশিওটমি দেন না,বেশিরভাগ রোগীর ক্ষেত্রেই থাকেন/ থাকার চেষ্টা করেন,বেশিরভাগ রোগীর ক্ষেত্রেই থাকেন/ থাকার চেষ্টা করেন,0
তাসলিমা আক্তার,Obstetrics & Gynecology,"চট্টগ্রাম, আলফা ল্যাব, পেপসির পিছনে। সিডিএ আবাসিক এলাকা,চট্টগ্রাম।",,,জানা নেই,জ্বী,"প্রয়োজন হলে,(আমার জানা অনুযায়ী) ",ডাক্তার বাসা ছেড়ে বাহির হতে হতে বাবু হয়ে গেছে সকাল ৭:৩৫ এ ,ডাক্তার বাসা ছেড়ে বাহির হতে হতে বাবু হয়ে গেছে সকাল ৭:৩৫ এ ,0
Farida Yasmin Sumi,Obstetrics & Gynecology,"চট্টগ্রাম, Genesis, Beside Mimi suer market, prothon Alo building",,,হ্যাঁ,Yes ,She does,Yes,Yes,0
ডা হাফিজা মারজান,Obstetrics & Gynecology,"চট্টগ্রাম, মাদার এন্ড চাইল্ড কেয়ার হসপিটাল",,,হ্যাঁ,জি,প্রয়োজন হলে,জি,জি,0
তাসলিমা আক্তার,Obstetrics & Gynecology,"চট্টগ্রাম, পার্কভিউ হসপিটাল, পাচঁলাইশ,চট্টগ্রাম",,,জানা নেই,জ্বি আলহামদুলিল্লাহ ,প্রয়োজন সাপেক্ষে ,জ্বী নিজেই উপস্থিত ছিলেন,জ্বী নিজেই উপস্থিত ছিলেন,0
হাফিজা মারজান,Obstetrics & Gynecology,"চট্টগ্রাম, ন্যাশনাল হসপিটাল,মেহেদীবাগ,চট্টগ্রাম",,,হ্যাঁ,জি,নিয়ম মেনেই করেন,জি,জি,0
"ডাক্তার হাফিজা মারজান, ডাক্তার ফরিদা ইয়াসমিন সুমি, ডাক্তার বিউটি নন্দী পাল",Obstetrics & Gynecology,"চট্টগ্রাম, মাদার এন্ড চাইল্ড কেয়ার হসপিটাল, আগ্রাবাদ, বড় পোল এক্সেস রোড,চট্টগ্রাম। ডক্টর সুমি এন্ড জেনেসিস ফার্টিলিটি সেন্টার,পিপলস হসপিটাল, পার্কভিউ হসপিটাল",,,হ্যাঁ,জ্বি ,প্রয়োজন হলে,জ্বি ,জ্বি ,0
হাফিজা মারজান,Obstetrics & Gynecology,"চট্টগ্রাম, মাদার এন্ড চাইল্ড কেয়ার হসপিটাল",,,হ্যাঁ,আলহামদুলিল্লাহ। আমি শুনেছি যারা পর্দা করেন তাদের জন্য উনি বেশ ভালো। ,আমার জানা নাই৷ এপিসিওটমি দেন এটা নিশ্চিত আমি।,আমার ১ম বাবু সিজারিয়ান,আমার ১ম বাবু সিজারিয়ান,0
"ড. হাফিজা মারজান, ড. নাজনীন সুলতানা",Obstetrics & Gynecology,"চট্টগ্রাম, মাদার এন্ড চাইল্ড কেয়ার হসপিটাল, এক্সিস রোড,বড়পোল,চট্টগ্রাম",,,হ্যাঁ,"জ্বী | জি, দুজনই",জ্বী | জানা নেই,জ্বী উনি ছিলেন। জ্বি সব রোগীর ক্ষেত্রেই থাকেন | ডেলিভারি হয়নি এখনো। তবে শোনা অভিজ্ঞতা মতে নিজে সবসময় উপস্থিত থাকেন না। অনেক সময় থাকেন,জ্বী উনি ছিলেন। জ্বি সব রোগীর ক্ষেত্রেই থাকেন | ডেলিভারি হয়নি এখনো। তবে শোনা অভিজ্ঞতা মতে নিজে সবসময় উপস্থিত থাকেন না। অনেক সময় থাকেন,0
Hafiza Marzan,Obstetrics & Gynecology,"চট্টগ্রাম, Mother&Child Care,Chittangong",,,হ্যাঁ,জ্বি,প্রয়োজন হলে ব্যবহার করেন,এখনো করাইনি,এখনো করাইনি,0
Dr.Shahida Akter Rakhi,Obstetrics & Gynecology,"চাঁদপুর, কুমিল্লা গৌমতী হসপিটাল, ২য় কান্দিরপাড়,নজরুল এভিনিউ",,,হ্যাঁ,জ্বী ,প্রয়োজন হলে,"উনি না থাকলে, ওনার টিম থাকেন এবং উনি ডক্টর সাজেস্ট করেন তবে উনি অলওয়েজ চেষ্টা করেন নিজে থাকার","উনি না থাকলে, ওনার টিম থাকেন এবং উনি ডক্টর সাজেস্ট করেন তবে উনি অলওয়েজ চেষ্টা করেন নিজে থাকার",0
গুলশান আরা লিমা,Obstetrics & Gynecology,"জয়পুরহাট, রয়েল ক্লিনিক,  ঝিনাইদহ সদর",,,জানা নেই,No info,জানা নেই নেই ,না ছিলেন না।আমার জানা নেই ,না ছিলেন না।আমার জানা নেই ,0
ডা গুলশান আরা লিমা,Obstetrics & Gynecology,"ঝিনাইদহ, রয়েল ডায়াগনস্টিক সেন্টার, শেরে বাংলা নগর, হামদহ, ঝিনাইদহ",,,No info,No info,No info,No info,No info,0
Dr.najnin munni,Obstetrics & Gynecology,"টঙ্গী, Shahid monsur Ali medical college and hospital",,,জানা নেই,Jader hate delivery hoyeche Tara AMR pordar bepare sohojogita koreche.,Jototuku Jani proyojon holei den Tobe amake normal delivery er jnno sahosh diyechilen,Na nije uposthit chilen na onar normal delivery team er kache hoyeche Tobe phone a khoj niyechen,Na nije uposthit chilen na onar normal delivery team er kache hoyeche Tobe phone a khoj niyechen,0
Dr Akhter Jahan,Obstetrics & Gynecology,"টাঙ্গাইল, আসিয়া ক্লিনিক,  বিবি স্কুল রোড, সেন্ট্রাল মুক্তা হাসপাতালের পাশে",,,জানা নেই,জি। ,উনি এপিসিওটোমি দেন না। বাকিগুলো আলাপ করে নিতে হবে, ডাক্তার উপস্থিত থেকেই করান বলে জানি, ডাক্তার উপস্থিত থেকেই করান বলে জানি,0
"মুন্নি (মিডওয়াইফ), মাকসুদা (মিডওয়াইফ)",Obstetrics & Gynecology,"টাঙ্গাইল, রেডক্রিসেন্ট মাতৃসদন, করটিয়া (করটিয়া জমিদার বাড়ির মসজিদের পাশে) টাংগাইল",,,না,"জি, আলহামদুলিল্লাহ। পর্দার কোনো সমস্যা হয় নি। ",আমি যতোদূর জানি ওনারা অপ্রয়োজনীয় হস্তক্ষেপ গ্রহণ করেন না। তবে আগে থেকেই ওনাদের সাথে বার্থ প্লান শেয়ার করলে আরো ভালো এক্সপেরিয়েন্স গেইন করা সম্ভব। ,জি ওনারা(মিডওয়াইফ) দু'জনেই উপস্থিত ছিলেন। ,জি ওনারা(মিডওয়াইফ) দু'জনেই উপস্থিত ছিলেন। ,0
ডা: ফারহানা পারভীন নিপা,Obstetrics & Gynecology,"ঢাকা, মাদার কেঢার হাসপাতাল, ধানম‌ন্ডি।",,,জানা নেই,হ‌্যা,জানা নেই,No info,No info,0
Fatema Yesmin,Obstetrics & Gynecology,"ঢাকা, Sheikh",,,জানা নেই,No info,New mother ,New mother,New mother,0
Masooma Jalil,Obstetrics & Gynecology,"ঢাকা, Bangladesh Specialised Hospital, কেরানিগঞ্জ, ঢাকা",,,হ্যাঁ,"No, not that much",Respects mothers wish on each & everything. ,"Yes, she does stay with every patient ","Yes, she does stay with every patient ",0
Dr. Rubaiya Mehbin,Obstetrics & Gynecology,"ঢাকা, Ar Raha Hospital,  Hajjcamp, Dhaka.",,,জানা নেই,Yes,If needed,"If situation matches, then she try to present.","If situation matches, then she try to present.",0
কাজী ফয়েজা মুন্নী,Obstetrics & Gynecology,"ঢাকা, BRB hospital,পান্থপথ, ঢাকা",,,জানা নেই,জি,প্রয়োজন অনুযায়ী করান,জি,জি,0
ডাঃ ফারহানা পারভীন নিপা,Obstetrics & Gynecology,"ঢাকা, মাদার কেয়ার হসপিটাল, ধানমন্ডি ২৭ (সানরাইজ প্লাজার পাশে), ঢাকা",,,হ্যাঁ,জ্বী আলহামদুলিল্লাহ ,বলতে পারবো না,আমার ডেলিভারির সময় সেইম টাইম আরেকজনের ইমার্জেন্সি সিজার করতে হয় আমাকে লেবার রুম পর্যন্ত ম্যাম নিয়ে গিয়েও শেষ মেষ সিজারের জন্য আমার ডেলিভারিতে থাকতে পারে নি। হয়তো এটা আমার ভাগ্যে লিখা ছিলো। কিন্তু বাদবাকি যাদের হয়েছে তাদের প্রত্যেকের ডেলিভারিতেই ম্যাম থাকেন,আমার ডেলিভারির সময় সেইম টাইম আরেকজনের ইমার্জেন্সি সিজার করতে হয় আমাকে লেবার রুম পর্যন্ত ম্যাম নিয়ে গিয়েও শেষ মেষ সিজারের জন্য আমার ডেলিভারিতে থাকতে পারে নি। হয়তো এটা আমার ভাগ্যে লিখা ছিলো। কিন্তু বাদবাকি যাদের হয়েছে তাদের প্রত্যেকের ডেলিভারিতেই ম্যাম থাকেন,0
ডক্টর সংযুক্তা সাহা,Obstetrics & Gynecology,"ঢাকা, ইমপালস হসপিটাল, তেজগাঁও",,,হ্যাঁ,জ্বি,"আমার ক্ষেত্রে করেছেন, তবে সবার করায় কিনা জানা নেই।",জ্বি।,জ্বি।,0
Dr Masooma Jalil,Obstetrics & Gynecology,"ঢাকা, City Hospital, lalmatia, dhaka",,,হ্যাঁ,Yes,Not sure,"She was present during my delivery,  but not sure about others","She was present during my delivery,  but not sure about others",0
Dr.Shahana Pervin Lovely,Obstetrics & Gynecology,"ঢাকা, 1.Mercy General Hospital,Jurain,Munshibari,Dhaka and 2.Millenium Specialized Hospital,Shutrapur,Dhaka",,,না,Yes,Yes ,Yes.Not for every patient,Yes.Not for every patient,0
Dr Kazi  Fayeza Munni,Obstetrics & Gynecology,"ঢাকা, BRB hospital, Panthapath, Dhaka",,,হ্যাঁ,জ্বি,"আমার এপিসিওটমি লেগেছিল, বাকিদের ব্যাপারে জানা নেই।","জ্বি, উনি নিজে উপস্থিত ছিলেন। সব রোগীর ক্ষেত্রেই থাকেন আমি যতোটুকু দেখেছি।","জ্বি, উনি নিজে উপস্থিত ছিলেন। সব রোগীর ক্ষেত্রেই থাকেন আমি যতোটুকু দেখেছি।",0
Dr Farhana Parvin Nipa,Obstetrics & Gynecology,"ঢাকা, Mother care hospital, Lalmatia",,,জানা নেই,জি,শুধু প্রয়োজন হলেই করেন,উনি নিজে উপস্থিত ছিলেন ,উনি নিজে উপস্থিত ছিলেন ,0
ড মাসুমা জলিল,Obstetrics & Gynecology,"ঢাকা, বাংলাদেশ স্পেশালাইড হাসপাতাল",,,জানা নেই,জি আলহামদুলিল্লাহ ,নিয়মমাফিক ,হ্যাঁ ,হ্যাঁ ,0
Dr.safia begum,Obstetrics & Gynecology,"ঢাকা, Islami bank hospital,mirpur 11",,,জানা নেই,Yes,Not sure... Cz amr 2 bar e episiotomy koresilen.. And hospital a jawar por saline lagiyesilo.. So ei bepare jani na.. ,"Amr 2 nd babyr smy chilen.. 1st babyr smy rate pain chilo.. Uni tokhn chilen na. Sokale uni jokhn aslen, tokhn already amr delivery shesh.. ","Amr 2 nd babyr smy chilen.. 1st babyr smy rate pain chilo.. Uni tokhn chilen na. Sokale uni jokhn aslen, tokhn already amr delivery shesh.. ",-1
ছন্দা মজুমদার,Obstetrics & Gynecology,"ঢাকা, পপুলার ডায়াগনস্টিক সেন্টার এন্ড হাসপাতাল, ধানমণ্ডি",,,হ্যাঁ,No info,জানি না,No info,No info,0
Songjukta Saha,Obstetrics & Gynecology,"ঢাকা, Dhanmandi, Central hospital",,,হ্যাঁ,Yes,Proyojone ,Ji,Ji,0
Dr. Ferdous Ara Suchi,Obstetrics & Gynecology,"ঢাকা, Delta hospital, tolarbag, mirpur-1",,,জানা নেই,Yes,Yes,No,No,0
Nahreen akter,Obstetrics & Gynecology,"ঢাকা, Ibne sina ,jigatola",,,জানা নেই,No info,Jana nai. Amar episiotomy korechilo ,Amar shomoy chilen.,Amar shomoy chilen.,0
Dr. Chhanda Majumdar,Obstetrics & Gynecology,"ঢাকা, Popular hospital Dhaka, Dhanmondi",,,হ্যাঁ,সেটা এখনো ঠিক বলতে পারছি না।,উনি নরনাল ডেলিভারির জন্যই এখন জনপ্রিয়।,এখনো আমার ডেলিভারি হয়নি। তবে উনি ডেলিভারি সময় থাকেন যা শুনেছি।,এখনো আমার ডেলিভারি হয়নি। তবে উনি ডেলিভারি সময় থাকেন যা শুনেছি।,0
dr. Masooma Jalil,Obstetrics & Gynecology,"ঢাকা, সিটি হসপিটাল, মুহাম্মাদপুর, ঢাকা..",,,হ্যাঁ,জ্বী,এই বিষয়টা জানা নেই,"জ্বী, উপস্হিত থাকেন..","জ্বী, উপস্হিত থাকেন..",0
Farha Karim,Obstetrics & Gynecology,"ঢাকা, Uttara sector 11",,,জানা নেই,জ্বি সহযোগী ,প্রয়োজন হলে করেন ,জ্বি থাকার চেষ্টা করেন ,জ্বি থাকার চেষ্টা করেন ,0
dr foyza,Obstetrics & Gynecology,"ঢাকা, brb hospital",,,হ্যাঁ,yes. ,if required ,yes,yes,0
Rahat Afza Chowdhury,Obstetrics & Gynecology,"ঢাকা, BRB hospital",,,জানা নেই,Yea,Dont know,Yes,Yes,0
শাফিয়া আক্তার,Obstetrics & Gynecology,"ঢাকা, ক্যাপিটাল জেনারেল হাসপাতাল, লোহারপুল, সুত্রাপুর, ঢাকা",,,না,জ্বী,আপডেটেড গাইডলাইন,জ্বী,জ্বী,0
Dr. Rehnuma Jahan,Obstetrics & Gynecology,"ঢাকা, Square Hospitals, Dhanmondi",,,জানা নেই,"সেরকম মনে হয়নি। তবে এটা ডক্টর এর উপর নির্ভর করেনা। নির্ভর করে হস্পিটালের ব্যবস্থাপনার উপর। তাছাড়া এপিডিউরাল নেয়ার সময় জানতে পারলাম, এনেস্থেসিয়া বা এপিডিউরাল সিরিঞ্জটা কেবল একজন পুরুষ ই দিতে পারেন। এটাতে পুরোপুরি পর্দার খেলাফ হয়। আমার তা জানা ছিলনা৷ তাছাড়া লেবার রুমের পাশ দিয়ে মাঝে মাঝে পুরুষ ডাক্তার বা নার্স দেখছিলাম৷ যেটা আমি এক্সপেক্ট করিনি। আমাকে লেবার রুমে ব্যাকলেস একটা গাউন পড়ানো হয়েছিল আর মাথা ঢাকার জন্য জাস্ট একটা টাউয়েল দিয়েছিল। ","আমার ব্লিডিং শুরু হয়েছিল দেখে হস্পিটালে এডমিট করে আমাকে পিকোটিন ইঞ্জেকশন দিয়েছিলেন ডক্টর, তবে আমি রিকোয়েস্ট করি যে নরমাল পেইন উঠার পরে দিব,  তো উনি একদিন অপেক্ষা করেছিল৷ পরদিন আমার নরমাল পেইন উঠে যায়। তবে আমার মনে হরয়েছ  যে এগুলো প্রটোকল অনুযায়ী দেয়া হয়েছে৷ আমার এপিসিওটোমীও করা হয়েছে। ","না, আমার ক্ষেত্রে ছিলেন না।","না, আমার ক্ষেত্রে ছিলেন না।",0
Farhana parvin nipa,Obstetrics & Gynecology,"ঢাকা, Dhanmondi",,,হ্যাঁ,Ji,"Updated guidelines follow korar try koren,bt mone hoi somoi solpotar jonno sobsomoi niyom onujayi korte paren na..",Amr delivery er somoi chilen..sunechi sobar khetreo thaken.,Amr delivery er somoi chilen..sunechi sobar khetreo thaken.,0
মুনা সালিমা জাহান,Obstetrics & Gynecology,"ঢাকা, গ্রিন লাইফ হাসপাতাল, গ্রিনরোড, ঢাকা।",,,জানা নেই,"জি, পর্দা নিয়ে সমস্যা হয়নি আলহামদুলিল্লাহ।",প্রয়োজন হলেই এসব ব্যবহার করেন বলেই উনি নিজে জানিয়েছেন। আমার নিজের ক্ষেত্রে ২ সন্তানের সময়ই এপিসিওটোমি লাগলেও একজনের ক্ষেত্রে পিটোসিন দিয়েছেন এবং অন্যজনের ক্ষেত্রে পিটোসিন দেননি।,"জি না, ছিলেন না। থাকেন না।","জি না, ছিলেন না। থাকেন না।",0
Dr. Farhana Parveen,Obstetrics & Gynecology,"ঢাকা, Mother Care Hospital, Dhanmondi 27",,,জানা নেই,জি,জানা নেই,জ্বি তিনি উপস্থিত ছিলেন,জ্বি তিনি উপস্থিত ছিলেন,0
Irfat ara jahan (mukti),Obstetrics & Gynecology,"ঢাকা, Khilgaon taltola matir masjider pashei",,,হ্যাঁ,Obossoi,Not sure,Unar chambere korale uni nijei thaken. Bahire jaan na.,Unar chambere korale uni nijei thaken. Bahire jaan na.,0
Dr umme salma,Obstetrics & Gynecology,"ঢাকা, Ibn sinah,,uttara,sector 11.",,,জানা নেই,Ji ,Proyojon holei den..ami jigges korechilam e bepare..,Ji mam uoosthit chilen..nijer hatei delivery koriyechen,Ji mam uoosthit chilen..nijer hatei delivery koriyechen,0
Dr. Nargis Fatema,Obstetrics & Gynecology,"ঢাকা, Square Hospital Limited",,,জানা নেই,Yes,Only if needed,She comes to check ,She comes to check ,0
Dr Naseem Mahmud,Obstetrics & Gynecology,"ঢাকা, United Hospital, Gulshan",,,জানা নেই,yes,updated guideline,no,no,0
Dr. Naznin Munni,Obstetrics & Gynecology,"ঢাকা, Ibn Sina, sector 13,Uttara, Dhaka",,,হ্যাঁ,Yes,Only when needed,Yes,Yes,0
মাসুমা জলিল,Obstetrics & Gynecology,"ঢাকা, Bangladesh Specialized Hospital",,,হ্যাঁ,জানা নেই,"জানা নেই, তবে আমাকে দুটোই দিয়েছিলো।",না উনি কোনো এক ব্যস্ততার কারণে নিজে উপস্থিত ছিলেননা। উনার টিম ছিল। আমার টিম টা ভালো লেগেছে।,না উনি কোনো এক ব্যস্ততার কারণে নিজে উপস্থিত ছিলেননা। উনার টিম ছিল। আমার টিম টা ভালো লেগেছে।,1
Dr. Munira Rafat Chowdhury,Obstetrics & Gynecology,"ঢাকা, City hospital, lalmatia, Dhaka",,,জানা নেই,Yes,Don't know exactly ,Yes,Yes,0
উম্মে সালমা,Obstetrics & Gynecology,"ঢাকা, ইবনে সিনা,উওরা",,,জানা নেই,জ্বি আলহামদুলিল্লাহ ,"উনি অনেক ভালো ডাক্তার মাশাল্লাহ। যার যেটা প্রয়োজন সে অনুযায়ী করেন সব।ব্যবহার অত্যন্ত ভালো,আন্তরিক।",জ্বি আলহামদুলিল্লাহ আমার সময় ছিলেন।বাকিদের শুনেছি থাকেন।,জ্বি আলহামদুলিল্লাহ আমার সময় ছিলেন।বাকিদের শুনেছি থাকেন।,0
ডাঃআঞ্জুমান আরা রিতা,Obstetrics & Gynecology,"ঢাকা, সেন্ট্রাল হসপিটাল, ধানমণ্ডি",,,জানা নেই,হ্যা,"আমার সি সেক হয়েছে তাই ক্লিয়ার জানা নেই,তবে লাস্ট পর্যন্ত অপেক্ষা করেন।",No info,No info,0
Dr Deloara Begum,Obstetrics & Gynecology,"ঢাকা, Islami bank hospital, Shajahanpur",,,No info,No info,No info,No info,No info,0
Dr Kamrunnesa,Obstetrics & Gynecology,"ঢাকা, Delta health care mirpur-11",,,No info,No info,No info,No info,No info,0
Dr Forida yousuf,Obstetrics & Gynecology,"ঢাকা, Chan mia housing, 1 no gate, FA Memorial hospital",,,No info,No info,No info,No info,No info,0
ফারহানা পারভীন নিপা,Obstetrics & Gynecology,"ঢাকা, মাদার কেয়ার হসপিটাল, লালমাটিয়া, ধানমন্ডি ২৭, ঢাকা",,,হ্যাঁ,100%,শুধু প্রয়োজন হলে।,জি,জি,0
Professor Dr. Munira Ferdousi,Obstetrics & Gynecology,"ঢাকা, Labaid Diagnostic Centre, Uttara, Dhaka Crescent Hospital, Uttara Dhaka",,,হ্যাঁ,না,মেডিকেল হস্তক্ষেপ করেন,না,না,0
Meherose Alam Chowdhury,Obstetrics & Gynecology,"ঢাকা, Monowara Hospital,  Popular Shantinagar",,,জানা নেই,জি,প্রয়োজন হলে ,জি ছিলেন ,জি ছিলেন ,0
ডঃ নার্গিস ফাতেমা,Obstetrics & Gynecology,"ঢাকা, স্কয়ার হসপিটাল",,,জানা নেই,আমার আসে পাশে কোন পুরুষ কর্মী ছিল না ,আমার এপিসিওটমি প্রয়োজন হয়েছে ,"না, তবে উনার আন্ডারে সুদক্ষ ডাক্তারের টীম আছে তারা উপস্থিত থাকেন ","না, তবে উনার আন্ডারে সুদক্ষ ডাক্তারের টীম আছে তারা উপস্থিত থাকেন ",0
ডাঃ বেগম রোকেয়া আনোয়ার,Obstetrics & Gynecology,"ঢাকা, ইনসাফ বারাকাহ কিডনী ও জেনারেল হাসপাতাল। ১১ শহীদ তাজউদ্দিন আহমেদ সরণী, মগবাজার, ঢাকা।",,,জানা নেই,জ্বী।,প্রয়োজনে দেন তাছাড়া নয়।,জ্বী উপস্থিত ছিলেন। জানা মতে থাকেন।,জ্বী উপস্থিত ছিলেন। জানা মতে থাকেন।,0
Dr.Chhanda Majumder,Obstetrics & Gynecology,"ঢাকা, Popular Hospital, Dhanmondi",,,হ্যাঁ,No info,জানা নেই ,No info,No info,0
Dr. Foyeza Munni,Obstetrics & Gynecology,"ঢাকা, BRB Hospital, Panthapath,  Dhaka",,,হ্যাঁ,সহযোগী কিন্তু এনেস্থিসিয়া পুরুষ দেয়।,প্রয়োজন হলেই শুধু ,আমার ডেলিভারিতে ছিলেন। সবার ক্ষেত্রেই থাকেন জানি,আমার ডেলিভারিতে ছিলেন। সবার ক্ষেত্রেই থাকেন জানি,0
Professor Sanjukta Saha,Obstetrics & Gynecology,"ঢাকা, Central hospital",,,হ্যাঁ,হ্যাঁ ,পেশেন্টের প্রয়োজন অনুযায়ী যা উত্তম তাই করেন,হ্যাঁ থাকেন,হ্যাঁ থাকেন,0
Dr.Israt sharmin,Obstetrics & Gynecology,"দিনাজপুর, Healthcare,popular",,,হ্যাঁ,Ji,"Na ei kaj uni ekdom e korenna,onk ma e odhoirjo hoye bethar osud dite bolleo uni denna,ekebare proyojon na hole kono dhoroner medicine denna,natural way e bole den"," Na,dujoner bela silo,seserbar howar por escilen,unar oviggo nurse ase,"," Na,dujoner bela silo,seserbar howar por escilen,unar oviggo nurse ase,",0
ডা মাহমুদা খানম,Obstetrics & Gynecology,"নরসিংদী, নিরাময় হাসপাতাল,সদর হাসপাতালের পশ্চিম পাশ্বে,নরসিংদী",,,জানা নেই,তা জানা নেই।,জানা নেই,খুব সম্ভবত উনি এরকমই ইঙ্গিত দিয়েছেন সিউর না কারণ  আমার কম্পলিকেশন থাকায় সি সেকশন হয়েছে,খুব সম্ভবত উনি এরকমই ইঙ্গিত দিয়েছেন সিউর না কারণ  আমার কম্পলিকেশন থাকায় সি সেকশন হয়েছে,0
নার্গিস তানজিম ফেরদৌস,Obstetrics & Gynecology,"নাটোর, আধুনিক সদর হাস্পাতাল, নাটোর, চেম্বারঃ চামেলি ক্লিনিক",,,জানা নেই,No info,জানিনা,No info,No info,0
Dr.Srabonee Ferdous,Obstetrics & Gynecology,"নারায়ণগঞ্জ, Dhanmondi 27, Dhanmondi diagnostic center",,,হ্যাঁ,Yes, যতোটা সম্ভব নেচারার বার্থ করান,Yes,Yes,0
ডাঃ ফরিদা খান,Obstetrics & Gynecology,"নারায়ণগঞ্জ, আল বাইত হাসপাতাল, দক্ষিণ যাত্রাবাড়ি, টোল প্লাজার কাছে।",,,জানা নেই,জি,আমাকে এপিসিওটমী উনি দিতে চাননি। পরে বাধ্য হয়ে দিয়েছেন।,আমার নরমাল ডেলিভারি উনি নিজে করেছেন। তবে সবসময় মনে হয় থাকেন না। ইমারজেন্সি হলে আসেন।,আমার নরমাল ডেলিভারি উনি নিজে করেছেন। তবে সবসময় মনে হয় থাকেন না। ইমারজেন্সি হলে আসেন।,0
ডা: রোকসানা আক্তার,Obstetrics & Gynecology,"নারায়ণগঞ্জ, কেয়ার জেনারেল হসপিটাল, চাষাড়া।",,,হ্যাঁ,জ্বী আলহামদুলিল্লাহ ,প্রয়োজনে ,উনার ইমারজেন্সি ছিলো ঐ সময়। তবে উনি থাকেন যেকোনো সমস্যার সময়।,উনার ইমারজেন্সি ছিলো ঐ সময়। তবে উনি থাকেন যেকোনো সমস্যার সময়।,-1
ছন্দা মজুমদার,Obstetrics & Gynecology,"নারায়ণগঞ্জ, পপুলার মেডিকেল কলেজ এন্ড হসপিটাল,  ধানমণ্ডি, ভবন-৪",,,জানা নেই,"নরমালের ক্ষেত্রে কোন পুরুষ এলাউ করেন না, কিন্তু সিজারের ক্ষেত্রে এনেস্থিসিয়া যিনি দেন তিনি পুরুষ ",জানা নেই,"উপস্তিত ছিলেন,  কিন্তু শেষে আমার সিজার হয়।","উপস্তিত ছিলেন,  কিন্তু শেষে আমার সিজার হয়।",0
Dr Channda Majumdar,Obstetrics & Gynecology,"নারায়ণগঞ্জ, Popular Medical College Hospital, Dhanmondi 2",,,হ্যাঁ,জ্বি,"প্রয়োজনীয় মনে করলে দেন, এছাড়া নয়",আলহামদুলিল্লাহ ডাক্তার নিজে উপস্থিত ছিলেন ,আলহামদুলিল্লাহ ডাক্তার নিজে উপস্থিত ছিলেন ,0
লায়লা পারভীন ভানু মাধবী,Obstetrics & Gynecology,"নারায়ণগঞ্জ, মেডিস্টার হসপিটাল মিশনপাড়া,খানপুরের আগে।",,,জানা নেই,পর্দার বুঝ নেই। ,জানা নেই,"না,নার্সকে গাইড করেছেন। এপিসিওটমি পরে নিজে এসে দিয়েছেন।","না,নার্সকে গাইড করেছেন। এপিসিওটমি পরে নিজে এসে দিয়েছেন।",0
Hasina wahab,Obstetrics & Gynecology,"পাবনা, Pabna medical consultation centre, shalgariya, pabna",,,জানা নেই,Ji Alhamdulillah ,Jana nei,Onnoder mukhe sunechi..amo nije delivery koraini,Onnoder mukhe sunechi..amo nije delivery koraini,0
নুসরাত জাহান,Obstetrics & Gynecology,"ফেনী, মেডিনোভা",,,জানা নেই,মোটামুটি।,জানা নেই,না।উনি থাকেন না।নার্স ডেলিভারি করায়।দরকার হলে পরে আসে সিজারের জন্য।,না।উনি থাকেন না।নার্স ডেলিভারি করায়।দরকার হলে পরে আসে সিজারের জন্য।,0
ডা: ইসমত সুলতানা রীতা,Obstetrics & Gynecology,"ফেনী, সাফেনা জেনারেল এন্ড ডেন্টাল হাসপাতাল",,,জানা নেই,জ্বি ,প্রয়োজন হলে,জ্বি ,জ্বি ,0
মাফরুহা জাহান,Obstetrics & Gynecology,"বগুড়া, পপুলার ডায়াগনস্টিক সেন্টার/ সাইক জেনারেল হাসপাতাল বগুড়া",,,জানা নেই,হ্যাঁ,রোগী চাইলেই করান,হ্যাঁ,হ্যাঁ,0
ফারজানা ফেরদৌস মুনমুন,Obstetrics & Gynecology,"বরিশাল, পপুলার ডায়গনিস্টিক সেন্টার, বরিশাল",,,জানা নেই,জ্বি,জানা নেই ,জানা নেই৷ বাসায় ডেলিভারি হয়েছিলো। তবে উনি নরমাল ডেলিভারি সাপোর্টিভ,জানা নেই৷ বাসায় ডেলিভারি হয়েছিলো। তবে উনি নরমাল ডেলিভারি সাপোর্টিভ,0
রাফিজা রমজান রুমপা,Obstetrics & Gynecology,"মানিকগঞ্জ, ফিরোজা জেনারেল হাসপাতাল",,,জানা নেই,হ্যা,"আমাকে পিটোসিন দেয়া হয়েছিল, এপিসিওটমি দেননি ",হ্যা,হ্যা,0
Dr Saleha Khatun,Obstetrics & Gynecology,"যশোর, Rotary Health Care",,,হ্যাঁ,Yes,Just when need,Yes,Yes,0
সাম্মি লিওনার্দ কেয়া,Obstetrics & Gynecology,"রাজশাহী, মেডিপ্যাথ",,,হ্যাঁ,হ্যা আলহামদুলিল্লাহ ,জানি না,"ডাক্তার এসে আমার নরমাল ডেলিভারির প্রসেস করেন, তারপর বাচ্চা পেটে পায়খানা করেছে দেখে সিজার করতে হয় ","ডাক্তার এসে আমার নরমাল ডেলিভারির প্রসেস করেন, তারপর বাচ্চা পেটে পায়খানা করেছে দেখে সিজার করতে হয় ",0
Dr.nahid yousuf sweety,Obstetrics & Gynecology,"রাজশাহী, Jomjom clinic, laxmipur, Rajshahi",,,না,Mtamti,Jana ny,No info,No info,0
ডা আতিয়া সুলতানা,Obstetrics & Gynecology,"রাজশাহী, আল আরাফাহ ক্লিনিক",,,হ্যাঁ,No info,জানা নেই,জানা নেই,জানা নেই,0
আতিয়া সুলতানা,Obstetrics & Gynecology,"রাজশাহী, মিশন হাসপাতাল,রাজশাহী। তাছাড়া,ঢাকা,নওগাঁতে তিনি রোগী দেখেন।",,,জানা নেই,জানিনা,জানিনা,জানিনা,জানিনা,0
Dr Roksana Parveen,Obstetrics & Gynecology,"রাজশাহী, Medipath, Mission hospital, Islami bank medical hospital",,,জানা নেই,জানা নেই,জানা নেই,জ্বী উনি উপস্থিত থাকবেন সেই অপশন আছে। তবে আমি অন্য ডাক্তারের আন্ডারে ছিলাম।,জ্বী উনি উপস্থিত থাকবেন সেই অপশন আছে। তবে আমি অন্য ডাক্তারের আন্ডারে ছিলাম।,0
Dr.Atia sultana chhabi,Obstetrics & Gynecology,"রাজশাহী, Mission hospital, medipath, al arafa clinic",,,হ্যাঁ,Jana nai,Jana nai,Jana nai,Jana nai,0
Dr. Jebunnesa Anney,Obstetrics & Gynecology,"রাজশাহী, Micropath diagnostic center",,,জানা নেই,No info,জানা নেই ,No info,No info,0
ডা হাসিনা ফেরদৌস,Obstetrics & Gynecology,"রংপুর, আপডেট ডায়াগনস্টিক সেন্টার",,,জানা নেই,পর্দা তেমন হয় না। ,প্রয়োজন অনুযায়ী ,না। পরে ডিউটি সময়ে এসেছেন।  মেডিকেল এর ডাক্তার দের বলেছিলেন। ,না। পরে ডিউটি সময়ে এসেছেন।  মেডিকেল এর ডাক্তার দের বলেছিলেন। ,0
Dr. Mumtahina,Obstetrics & Gynecology,"লক্ষ্মীপুর, Safe diagnostics,hospital Road, Lakshmipur",,,জানা নেই,Yes,I don't know ,Yes,Yes,0
রেজওয়ানা মির্জা,Obstetrics & Gynecology,"সিলেট, মাদার কেয়ার সিলেট,",,,জানা নেই,জি আলহামদুলিল্লাহ ,দেওয়ার চেষ্টা করসিলেন কিন্তু আমি যেহেতু রৌদ্রময়ই তে প্রিনেটাল করসিলাম তাই আমি দিতে দেইনি। তবে এপিসোটমি করার সময় আমি না করার আগেই কেটে ফেলেন আর আমি আগে বলতে বুলে গেসি অই সময় উনারা বেবি বের করার পর দুইটা ইনজেকসন দিসিলেন জদিও আমার বেবি তিন কেজি ছিল মাত্র  ,আমার সময় ছিলেন না পরে আসছিলেন  কিন্তু অন্য একজন ডিউটি ডক্টর ছিলেন।এখান কার নারস রা খুব সাহায্য করার চেষ্টা করেন,আমার সময় ছিলেন না পরে আসছিলেন  কিন্তু অন্য একজন ডিউটি ডক্টর ছিলেন।এখান কার নারস রা খুব সাহায্য করার চেষ্টা করেন,0
ডা:রেজওয়ানা মির্জা,Obstetrics & Gynecology,"সিলেট, মাদার কেয়ার হসপিটাল, সিলেট",,,জানা নেই,জি ,প্রয়োজন হলে ,লেবার রুমে ছিলেন না,লেবার রুমে ছিলেন না,0
Professor Dr. Rabeya Begum,Obstetrics & Gynecology,"সিলেট, Ibn sina hospital sylhet Ltd. Subhanighat point, sylhet",,,হ্যাঁ,জি ,যত টুকু জানি শুধু প্রয়োজন হলেই দেন।,আমার সময় ম্যাডাম উপস্থিত ছিলেন যদিও শেষ পর্যন্ত সিজারে যাওয়া লেগেছে.. ম্যাডাম নিজে উপস্থিত থাকতে না পারলে ফ্ন এ সব সময় যোগাযোগ রাখেন এবং উনার কথা ছাড়া কেউ হাত ও দেয় না।,আমার সময় ম্যাডাম উপস্থিত ছিলেন যদিও শেষ পর্যন্ত সিজারে যাওয়া লেগেছে.. ম্যাডাম নিজে উপস্থিত থাকতে না পারলে ফ্ন এ সব সময় যোগাযোগ রাখেন এবং উনার কথা ছাড়া কেউ হাত ও দেয় না।,0
Kashefa Nazneen,Obstetrics & Gynecology,"Dhaka, Square Hospital, Panthapath",,,জানা নেই,জানিনা,"হস্পিটালের নিয়ম অনুযায়ী, হস্পিটালে এসব ব্যাপারে আমার মন মত করতে পারব এরকম সঠিক ইনফরমেসান পাইনি। তাই শুধু রেগুলার ডক্টর এর আন্ডারে থাকার জন্য ওনাকে চুজ করেছি। কারণ উনি আমাকে নরমাল ডেলিভারি এর জন্য এসিস্ট করেছেন প্রেগনেন্সি এর পুরো সময়।",আমি বাসায় করেছি নার্স এর হেল্প নিয়ে। শুধু রেগুলার ডক্টর এর আন্ডারে থাকার জন্য ওনাকে চুজ করেছি। কারণ উনি আমাকে নরমাল ডেলিভারি এর জন্য এসিস্ট করেছেন প্রেগনেন্সি এর পুরো সময়।,আমি বাসায় করেছি নার্স এর হেল্প নিয়ে। শুধু রেগুলার ডক্টর এর আন্ডারে থাকার জন্য ওনাকে চুজ করেছি। কারণ উনি আমাকে নরমাল ডেলিভারি এর জন্য এসিস্ট করেছেন প্রেগনেন্সি এর পুরো সময়।,0
Dr Nazma,Obstetrics & Gynecology,"Dhaka, Hi tech hospital",,,জানা নেই,No info,Medical intervention ,No info,No info,0
ডাঃ ফরহাত মহল,Obstetrics & Gynecology,"সিলেট, মাদার কেয়ার ক্লিনিক, পুরাতন মেডিকেল রোড, সিলেট",,,হ্যাঁ,জ্বি,শুধু প্রয়োজন অনুযায়ী,"আমার vbac চেষ্টার পর সিজার হয়, তবে উনি সকল রোগীর নরমাল ডেলিভারিতে থাকার চেষ্টা করেন","আমার vbac চেষ্টার পর সিজার হয়, তবে উনি সকল রোগীর নরমাল ডেলিভারিতে থাকার চেষ্টা করেন",0
সেলিনা পারভেজ,Obstetrics & Gynecology,"কুমিল্লা, কুমিল্লা পিপলস হসপিটাল, টমসমব্রিজ,কুমিল্লা",,,হ্যাঁ,জি অনেক,প্রয়োজন ছারা কিছুই করেন না। শুধু অপেক্ষা করতে বলেন,রোগীর বেপারে খুবই আন্তরিক থাকেন।তবে রাত ১২ টা হওয়ায় সরাসরি ছিলেন না কিন্তু ফোনে খবর নিতেন। ,রোগীর বেপারে খুবই আন্তরিক থাকেন।তবে রাত ১২ টা হওয়ায় সরাসরি ছিলেন না কিন্তু ফোনে খবর নিতেন। ,0
Dr Jahanara Begum Shikha,Obstetrics & Gynecology,"Chattogram, Chevron Shantibag,Parkview Hospital Ctg ltd",,,জানা নেই,Don't know,Applies the first one,She was present,She was present,0
ডা: রিতা,Obstetrics & Gynecology,"ঢাকা, আশুলিয়া নারী ও শিশু হাসপাতাল, আশুলিয়া",,,হ্যাঁ,"মোটামুটি, তবে লেবার রুমে পুরুষ এলাউড না","জানা নেই, তবে আমাকে দিয়েছেন ","তার এক্সপার্ট টিম ছিলেন, তারাই থাকেন, তিনি শুধু দেখে যান। ","তার এক্সপার্ট টিম ছিলেন, তারাই থাকেন, তিনি শুধু দেখে যান। ",0
মৌসুমী জাহান,Obstetrics & Gynecology,"Dhaka, মেরী স্টোপস",,,হ্যাঁ,জ্বি ,জানিনা,চেষ্টা করেন,চেষ্টা করেন,0
ফাহিমা আফরোজ,Obstetrics & Gynecology,"ঢাকা, Ahsania Mission Cancer and General Hospital",,,জানা নেই,No info,প্রয়োজনে ব্যবহার করেন,"আমার সি সেকশন হয়েছে।উনি উপস্হিত ছিলেন না,তবে উনি সর্বদা পরামর্শ দিয়েছেন অন্য ডাক্তারদের।আমার ইমার্জেন্সি সি সেকশন করানো লেগেছে। ওনি রাত ৩ টায় এসে সি সেকশন করিয়েছেন।এর আগে আমি প্রায় ২৭ ঘন্টা নরমাল ডেলিভারীর জন্য চেষ্টা করেছি।","আমার সি সেকশন হয়েছে।উনি উপস্হিত ছিলেন না,তবে উনি সর্বদা পরামর্শ দিয়েছেন অন্য ডাক্তারদের।আমার ইমার্জেন্সি সি সেকশন করানো লেগেছে। ওনি রাত ৩ টায় এসে সি সেকশন করিয়েছেন।এর আগে আমি প্রায় ২৭ ঘন্টা নরমাল ডেলিভারীর জন্য চেষ্টা করেছি।",0
Dr. Chowdhury Taslima Nasrin,Obstetrics & Gynecology,"Dhaka, Labaid, Uttara bramch -2 (gawsul azam Avenue, uttara, dhaka)",,,জানা নেই,I don't know as I didn’t have to face any situation regarding cover. ,"আমাকে দেননি যেহেতু আমি বলেছিলাম আমি চাই না। সাধারণত লাগলে দেয়,  জোর করেন না। ",Yes. Don't know about all patient. ,Yes. Don't know about all patient. ,0
Dr Bilkis Mahmuda,Obstetrics & Gynecology,"Dhaka, Alliance hospital,Shaymoli",,,জানা নেই,জানা নেই,জানা নেই তবে এপিসিওটমি লেগেছে,আমার জা এর সময় ছিলেন,আমার জা এর সময় ছিলেন,0
ডক্টর ফাতেমা ইয়াসমিন,Obstetrics & Gynecology,"ঢাকা, ইউনিকো হসপিটাল গ্রীন রোড ঢাকা",,,হ্যাঁ,অবশ্যই ,শুধু প্রয়োজনেই করে থাকেন যা করার,হ্যা আলহামদুলিল্লাহ ,হ্যা আলহামদুলিল্লাহ ,0
ডাঃ সারাবান তহুরা,Obstetrics & Gynecology,"ঢাকা, আলোক মাদার এন্ড চাইল্ড কেয়ার হাসপাতাল",,,জানা নেই,জ্বি,আপডেটেড গাইডলাইন অনুযায়ী ,জ্বি,জ্বি,0
ডাঃ ফাতেমা ইয়াসমিন,Obstetrics & Gynecology,"ঢাকা, Unico Hospital PLC,Green road,Dhaka",,,হ্যাঁ,জ্বি,শুধু প্রয়োজন হলে ব্যবহার করেন,"জ্বি,আলহামদুলিল্লাহ ","জ্বি,আলহামদুলিল্লাহ ",0
নাসরিন আক্তার মুক্তা,Obstetrics & Gynecology,"ফেনী, কমপেক্ট ডায়াগনস্টিক সেন্টার,ফেনী।",,,জানা নেই,"আমি আমার মতো করে মা ও শিশুতে ম্যানেজ করেছি,উনাকে বললে হেল্প করতে প্স্রে।","পিটোসিন একদম শেষে দেয়া প্রেফার করেন।আর মেডিকেল টিমে যারা আছে এর মধ্যে কেউ এপিশিওটমি নিয়মমাফিক দেয় আবার কেউ টিয়ার।যেমন আমি ডেলিভারীর আগে একজনের সাথে কথা বলায় বলছিল এপিশিওটমি দিবে,ডেলিভারি টাইমে সে না থাকায় অন্য একজন আমার টিয়ার হতে দেয়।সেকেন্ড ডিগ্রি।","না,উনি উপস্থিত কম থাকেন।মা ও শিশুতে রেফার করেন।উনি সরকারী স্বাস্থ্যকেন্দ্রের মেডিকেল অফিসার।সব কেসে উপস্থিত থাকতে পারেন না।মেডিকেল টিম আছে তারাও সাপোর্টিভ অনেক।","না,উনি উপস্থিত কম থাকেন।মা ও শিশুতে রেফার করেন।উনি সরকারী স্বাস্থ্যকেন্দ্রের মেডিকেল অফিসার।সব কেসে উপস্থিত থাকতে পারেন না।মেডিকেল টিম আছে তারাও সাপোর্টিভ অনেক।",0
ডাঃ ইসরাত শারমিন,Obstetrics & Gynecology,"দিনাজপুর, পপুলার ডায়াগনস্টিক সেন্টার, এক নং উপশহর, ফুলবাড়ী বাসস্ট্যান্ড, সদর, দিনাজপুর",,,জানা নেই,হ্যাঁ ,শুধু প্রয়োজন হলেই,No info,No info,0
Dr. Fatema yasmin,Obstetrics & Gynecology,"Dhaka, Unico hospital, green road",,,হ্যাঁ,Yes,If necessary | She tries to keep the medical interventions minimalistic and tries for the labor and progress to happen naturally.,"Yes | Yes, she stays with the patients although I had to go for an emergency c-section.","Yes | Yes, she stays with the patients although I had to go for an emergency c-section.",0
Dr.Muna Salima Jahan,Obstetrics & Gynecology,"Dhaka, Green life medical college and hospital,Green road",,,জানা নেই,জ্বি আলহামদুলিল্লাহ,প্রয়োজন হলে,"না, উনি একবার ভিজিট এ আসেন ","না, উনি একবার ভিজিট এ আসেন ",0
ডাঃ নাসিমা বেগম,Obstetrics & Gynecology,"ঢাকা, মনোয়ারা হসপিটাল প্রাইভেট লিমিটেড, সিদ্ধেশ্বরী রোড, ঢাকা",,,হ্যাঁ,হ্যাঁ,প্রয়োজন হলে দেন (তবে পিটোসিন ব্যবহারে তুলনামূলক বেশি আগ্রহী। রোগী নিতে না চাইলে অপেক্ষা করেন। আর এপিশিওটমি শুধু প্রয়োজন হলেই দেন।),"হ্যাঁ, ছিলেন। সব রোগীর ক্ষেত্রেই থাকেন।","হ্যাঁ, ছিলেন। সব রোগীর ক্ষেত্রেই থাকেন।",0
Sultana rowshan,Obstetrics & Gynecology,"Chittagong, National hospital, Al afiyah hospital",,,জানা নেই,Ji niqabi,Updated guideline follow koren,Ji thaken ,Ji thaken ,0
ডক্টর জান্নাতুল ফেরদৌস,Obstetrics & Gynecology,"টাঙ্গাইল, আশা অফিস সংলগ্ন, মিল্কভিটা রোড, দেওলা",,,হ্যাঁ,জি,প্রয়োজন হলেই কেবল ব্যবহার করেন। ,জি,জি,0
Dr Tahera Akter,Obstetrics & Gynecology,"Chattogram, Fatickchari Clinic, Nazirhat,Chattogram",,,জানা নেই,জি।খুব সাপোর্টিভ আলহামদুলিল্লাহ। ,এপিশিওটমিরটা জানা নেই।তবে পিটোসিন এসব অহেতুক দেন না।আমাকে দেননি।,যদি অটিতে না থাকেন তাহলে থাকেন।আমার সময় ছিলেন।আলহামদুলিল্লাহ। ,যদি অটিতে না থাকেন তাহলে থাকেন।আমার সময় ছিলেন।আলহামদুলিল্লাহ। ,0
Dr. Jesmin Ara,Obstetrics & Gynecology,"Dhaka, Exim Bank Hospital, Kajipara, Mirpur",,,না,"নিজে পর্দা করেন না, তবে পর্দার সাথে ডেলিভারিতে সমস্যা হয়নি কারো",সবই,"জ্বি, চেষ্টা করেন থাকার।","জ্বি, চেষ্টা করেন থাকার।",0
Dr. Summi Leunard Keya,Obstetrics & Gynecology,"Afsana Sarmin, LabAid, Rajshahi",,,হ্যাঁ,"জ্বি | জ্বি, উনি নিজেও পর্দা করেন।",প্রয়োজন হলে করেন | জি,জ্বি | জি,জ্বি | জি,0
ইশরাত শারমিন বর্না এবং তহুরা আক্তার,Obstetrics & Gynecology,"বরিশাল, রাহাত আনোয়ার হাসপাতাল",,,হ্যাঁ,হ্যা,আপডেটেড গাইডলাইন মানেন তবে রোগীর ফিজিওলজিক্যাল কন্ডিশনের উপর সবকিছু নির্ভর করে ট্রিটমেন্ট পাল্টান,হ্যা।,হ্যা।,0
Dr.Kazi Foyeza Akhter (Foyeza Munni),Obstetrics & Gynecology,"Dhaka, BRB Hospital, Panthapath",,,হ্যাঁ,Yes ,Only if needed,Yes a 100%,Yes a 100%,0
ফারজানা ফেরদৌস মুনমুন,Obstetrics & Gynecology,"বরিশাল, পপুলার ডায়াগনস্টিক সেন্টারে বসেন।",,,হ্যাঁ,জি আলহামদুলিল্লাহ । তবে সিজারের ক্ষেত্রে এনেস্থিসিয়া পুরুষ ডাক্তার দেন। তাকে যদি বলে রাখেন অন্য কোনো পুরুষ যাতে সিজারের ওটি রুমে না থাকে সেক্ষেত্রে উনি হয়তো সেটাও খেয়াল রাখবেন।,সাধারণত মেডিকেল হস্তক্ষেপ করেন । আমার ক্ষেত্রে যেটা দেখলাম।,জি আলহামদুলিল্লাহ ,জি আলহামদুলিল্লাহ ,0
Dr Nargis Fatema,Obstetrics & Gynecology,"Dhaka, Square Hospital, Panthapath, Dhaka.",,,জানা নেই,জ্বি,আমাকে এপিসিওটমি দিয়েছেন। ,না। উনার টিম সবসময় available থাকে। উনারা সবাই এক্সপার্ট। ,না। উনার টিম সবসময় available থাকে। উনারা সবাই এক্সপার্ট। ,0
Farhana Parveen Nipa,Obstetrics & Gynecology,"Rajshahi, Mother care hospital",,,হ্যাঁ,100% porda maintain koren,If it is needed,Yes,Yes,0
Dr.Ismat ara,Obstetrics & Gynecology,"Dhaka, khidmah hospital, khilgao, dhaka",,,জানা নেই,জি,প্রয়োজন হলেই এসব ব্যবহার করে,জি১,জি১,0
Shammi keya,Obstetrics & Gynecology,"Rajshahi, Labaid Hospital",,,হ্যাঁ,জ্বি,জি,হ্যাঁ ,হ্যাঁ ,0
Ummul Nusrat Jahan,Obstetrics & Gynecology,"Dhaka, Brb hospital",,,হ্যাঁ,হ্যা,প্রয়োজন হলে ,এখনো ডেলিভারি হয়নি,এখনো ডেলিভারি হয়নি,0
Shangjukta Saha,Obstetrics & Gynecology,"Dhaka, Impulse hospital tejgao",,,হ্যাঁ,Not sure,If needed,Yes,Yes,0
কাজী ফয়েজা মুন্নি,Obstetrics & Gynecology,"ঢাকা, BRB Hospital, Panthapath",,,জানা নেই,জি অনেকটাই ,শিওর না,জি ছিলেন। থাকেন সব রোগীর বেলায় ই আমার পরিচিত ৪ জন এর হয়েছে।,জি ছিলেন। থাকেন সব রোগীর বেলায় ই আমার পরিচিত ৪ জন এর হয়েছে।,0
প্রফেসর ডাঃ কামরুন্নেসা,Obstetrics & Gynecology,"ঢাকা, BRB Hospital, Panthapath",,,হ্যাঁ,হ্যাঁ,পেশেন্টের মতামত নিয়ে করেন,হ্যাঁ ,হ্যাঁ ,0
Prof Dr. Ummul Nusrat Zahan,Obstetrics & Gynecology,"Dhaka, BRB hospitals ltd",,,হ্যাঁ,হুম ,গাইড লাইন মানেন,থাকেন,থাকেন,0
Dr.Nasima Begum,Obstetrics & Gynecology,"Dhaka, Monowara Hospital",,,জানা নেই,Hae,I have no idea. Just started visiting her. So far she is good. ,No info,No info,0
Dr.Dilruba Jahan akther,Obstetrics & Gynecology,"Dhaka, Rajarbag,al mutmainnah maa o shishu hospital",,,হ্যাঁ,Ha.. ,Priyojon hole dey,Seta Jana nei Tobe Amar vbac er time a uni chilen..Amar boro boner Normal deliveryr shomoy o chilen ,Seta Jana nei Tobe Amar vbac er time a uni chilen..Amar boro boner Normal deliveryr shomoy o chilen ,0
Professor Dr. Ismat Ara,Obstetrics & Gynecology,"Dhaka, Khidmah Hospital Pvt Ltd, Khilgaon, Dhaka",,,হ্যাঁ,Yes.,She maintains guidelines,Yes,Yes,0
ফেরদৌস আরা বানু (কাকলি),Obstetrics & Gynecology,"ঢাকা, ইসলামি ব্যাংক সেন্ট্রাল হাসপাতাল, কাকরাইল",,,জানা নেই,হ্যাঁ ,প্র‍য়োজন অনুযায়ী ব্যাবস্থা নেন,হ্যা ছিলেন,হ্যা ছিলেন,0
তানজিনা জাহান,Obstetrics & Gynecology,"চট্টগ্রাম, সেভরণ,শান্তিবাগ,চট্টগ্রাম",,,জানা নেই,হ্যা,শুধু প্রয়োজন হলেই,হ্যা,হ্যা,0
Dr Munira Ferdousi,Obstetrics & Gynecology,"Dhaka, Crescent hospital Uttara & Lab aid Uttara",,,হ্যাঁ,Ha,Proyojon hole,Uni aste aste amr baby out hoye giyechilo uni episiotomy selai diyeche eshe.sobsomoy somvob hoi na,Uni aste aste amr baby out hoye giyechilo uni episiotomy selai diyeche eshe.sobsomoy somvob hoi na,0
Kazi Foyeza Akter,Obstetrics & Gynecology,"Dhaka, BRB hospital",,,হ্যাঁ,May be ,Jana nai  ,Yes ,Yes ,0
ডাঃ ফাতেমা ইয়াসমিন,Obstetrics & Gynecology,"ঢাকা, ইউনিকো হসপিটাল, গ্রীন রোড, ধানমন্ডি, ঢাকা",,,হ্যাঁ,জি ১০০%,"শুধু প্রয়োজন হলে করেন। আমাকে পিটোসিন দেননি, কিন্তু এপিসিওটমি দিতে হয়েছিল। ",জি নিজে উপস্থিত ছিলেন এবং যতটুকু জানি সবার ক্ষেত্রেই থাকেন।,জি নিজে উপস্থিত ছিলেন এবং যতটুকু জানি সবার ক্ষেত্রেই থাকেন।,0
উম্মে আবেদিন  সাইমা,Obstetrics & Gynecology,"কুষ্টিয়া, হিকমাম হাসপাতাল। ১/১ বিচারপতি মাহবুব মোরশেদ সড়ক, পৌর গোরস্থানের দক্ষিণ-পশ্চিম পাশে পেয়ারাতলা, কুষ্টিয়া",,,জানা নেই,উনি একদম পর্দার সাথে ডেলিভারি করার। এখন কি ডেলিভারির সময় থাই তো ঠেকা থাকে।উনি নিজে থেকেই বলেছে  ,প্রয়োজন হলে উনি দেন। তার আগে চেষ্টা করেন সবকিছু। যখন হয় না তখন এগুলো দেওয়ার চেষ্টা করেন ,আমার এখনো ডেলিভারি হয় নাই। কিন্তু ম্যাম নিজেই বলেছে ম্যাম নিজে উপস্থিত থাকেন সব রুগীর ক্ষেত্রে ,আমার এখনো ডেলিভারি হয় নাই। কিন্তু ম্যাম নিজেই বলেছে ম্যাম নিজে উপস্থিত থাকেন সব রুগীর ক্ষেত্রে ,0
সৈয়দা আয়েশা সিদ্দিকা,Obstetrics & Gynecology,"ঢাকা, ওজিএসবি হাসপাতাল,মিরপুর ১,ঈদগাহ মাঠের পাশে",,,জানা নেই,জ্বি,আপডেট গাইডলাইন অনুযায়ী ,না,না,0
Hello world!,Obstetrics & Gynecology,,,,No info,No info,No info,No info,,0
